text,true_label,predicted_label
on the flip side im at walmart and there is a bomb and everyone had to evacuate so stay tuned if i blow up or not,1,0
tube strike live latest travel updates as london is engulfed inchaos,1,0
spot flood combo inch w curved cree led work light bar x offroad fog lamp full re,1,0
unpredictable disconnected and social casualty are my favorites how do people not like them,1,0
auction shoes retro fire red,0,1
zayn malik amp perrie edwards end engagement shes devastated,1,0
was in nyc last week,0,1
hollywood movie about trapped miners released in chile the hollywood movie about trapped miners starring,1,0
russia may have played into reason but that link is bs okanowa was bloody and mainline invasion looked like a bloody,1,0
growth dries up for bhp billiton as oil price collapse bites,0,1
body bagging mfs,1,0
then you have rise of coates charleston massacre walter scott and black twitter more broadly as well,1,0
battlefield forgotten hope secret weapons,1,0
mudslide nuff said gbbo,1,0
has an ancient nuclear reactor been discovered in africa your,0,1
so much shit has happened today wtf idk how i survive thruuu it all,1,0
hell is just a fraction of his belief of total annihilation destruction of usa,1,0
walking down the middle of michigan ave last sunday during lolla evacuation,1,0
wall of noise is one thing but a wall of dust moving at mph how to not get blown away,1,0
until my death ill forever rep the jets,1,0
thanks for the damn heart attack,0,1
potus strategicpatience is a strategy for genocide refugees idp internally displaced people horror etc,0,1
what a fucking idiot he had a gun amp a hatchet yet there were still no serious injuries glad police terminated him,1,0
man crushed to death by own car,1,0
headed to the massacre bodies arriving everyday what were those shells you heard picking the bones up along the way,1,0
butt trauma extraordinaire,1,0
no prob,1,0
ara news reporting jan fighters infiltrated ashrafiyah district of afrin with aim of carrying out suicide attacks ypg have imposed a curfew,1,0
maybe we should call israel and tell them were sorry are pres has sold them down the river to annihilation,0,1
exploration takes seismic shift in gabon to somalia worldoil subscription somalia,0,1
strawberries are in big trouble scientists race to find solution,1,0
here we go again ebola run for your lives aaarrrgghhh,1,0
looks like a war zone outside whats going on,1,0
i cant drown my demons they know how to swim,1,0
some hearths they burn like a wildfire by bees knees,1,0
causing the entire sky around their battle to darken to a violent storm as an ungodly powerful bolt of lightning struck at,0,1
hollywood movie about trapped miners released in chile the hollywood movie about trapped miners starring,1,0
cartoon bears without them we would qave no knowlddge of forest fires or toilet paper,0,1
ok ok okayyyyyy ima act right bout to get this blizzard tho,1,0
apollo brown ft mop detonate,1,0
when rescuers found him he was barely alive but they had no idea he was allergic to this,1,0
ready for my close up errrr nope notgoingoutinthat hailstorm alberta,1,0
snowstorm x oil on canvas art painting,0,1
sincethe biggest depreciations in cadusd in yr bfederal election coincide wlandslide win for opposition,0,1
raining flooding florida tampabay tampa or days ive lost count,1,0
slicker than an oil spill,0,1
various issues fail to derail homes bid,0,1
bloody insomnia again grrrr insomnia,1,0
me watching law amp order ib vine by,1,0
download amp watch demolition frog movie,1,0
better than tornado,0,1
candylit imagine sarumi in a zombie apocalypse fighting back to back heart to heart conversations over the,0,1
police unions retard justice amp drain gov but cops vote rs so rs go after teachers unions instead,0,1
chiasson sens cant come to deal coloradoavalanche avalanche,1,0
the whole food stamp gov assistance program needs to be retooled for wounded veterans retirees and handicapped only nomorehandouts,0,1
i scored points in punch quest stopped when a squeaky bat collided into my skull,1,0
bruh dies,0,1
dont worry im sure climate has nothing to do with hail floods tornados in alberta amp ontario im sure gods just mad at you,1,0
i added a video to a playlist ori and the bind forest ep fire and death,1,0
it was an accident,0,1
study wider variety of therapies could help vets troops with ptsd via,0,1
we got purple activist i thought it was a drought,1,0
chernobyl disaster wikipedia the free encyclopedia dont you just love the nuclear technology its so glorious,1,0
bc it costs less to have sick people using emergency roomsgrrrr,1,0
deals temporary fake tooth teeth replacement kit emergency dental oral care cosme,0,1
my prediction for the vikings game this sundaydont expect a whole lot infact i think zimmer goal isinjury free st game,1,0
loner diaries the patterns on the sand may have been blown away the photos in twos all choked up in flames,0,1
did you see hurricane guillermo with meteoearth,1,0
the horrific story of being a hostage the horrific story of being a hostage its and on a british,1,0
and by doing this youre enabling the possible collapse of the industry,0,1
towboat trek sympathy deluge falls vtc,1,0
evacuate from your life,0,1
do you feel like you are sinking in low selfimage take the quiz,1,0
i waited hours to get a cab my feet are bleeding,1,0
this is set to become a huge one month wonder and then pornhub will be inundated,1,0
s things she looks in a significant other beautiful eyes humor farts that creates an earthquake,0,1
a look at state actions a year after fergusons upheaval,1,0
lucas duda is ghost rider not the nic cage version but an actual engulfed in flames badass mets,1,0
is one of the challenges on tough enough rescuing people from burning buildings,0,1
you can stab me in the back but i promise youll be the one bleeding,1,0
evildead annihilation of civilization,0,1
everyone here ahh i hate snow me lol u call this a snowstorm growingupincolorado,1,0
the loretta lynch one was fuckin hilarious to watch in realtime it was like a train wreck of factchecking and ombudsmanship,0,1
google alert emergency units simulate a chemical explosion at nu,0,1
bulletproof and black like a funeral the world around us is burning but were so cold,1,0
dont blink wont see the lightning take the w,1,0
survived because of magic she is searching the wood for survivors outside of london,1,0
pendleton media office said only fire on base right now is the horno blaze,1,0
wisenews chinas stock market crash are there gems in the rubble,0,1
pt the unit attacked by is was responsible for targeting muslim scholars and imprisoning the youth,1,0
holmgren we referred to those days as the hostage situation we were lous hostages,1,0
yes apparently report of cow fatality as well sadly,1,0
a capitalist would win biggest landslide in history people who havent voted in years even old school dems would elect him,0,1
autoinsurance industry clueless on driverlesscars markets money times,0,1
ford truck starts up and drives off after being destroyed by tornado,1,0
im actually currently dressed for a snowstormdespite being in the middle of a texas summer thanks office ac,1,0
drowning in actavis suicide,0,1
the police chief assured the crowd that this officerrelated shooting would be investigated,1,0
on page of of after we collided by anna todd,0,1
nside a dragons belly or an ice cave under a volcano in kamchatka photography by daniel korzhonov,1,0
stands there engulfed in the fire smiling,0,1
a diamond is just a piece of charcoal that handled stress exceptionally well we are hard pressed on every side but not crushed cor,1,0
watching a man electrocuted on the roof of mumbailocals is definitely a lesson people please learn lessonforlife marinelines mumbai,1,0
are souls punished withannihilation,0,1
when the waves are flooding the shore and i cant find my way home anymore thats when i look at you,1,0
incredulous at continued outcry of welfare being a waste of taxpayers money but never similar objection to bn on nuclear weapons,1,0
i hope it rains throughout the whole weekend i hope it floods and the portaloos become sentient,0,1
inbounds out of bounds while many picked the nats to win the nl east in a landslide they currently sit,1,0
redskins wr roberts bellybombed via,1,0
after a few years afloat pension plans start sinking again,1,0
one good thing came out of watching the film was too traumatised to watch show so started halt amp catch fire on amazon d,1,0
signing a petition to seek mercy on a death punishment for a convivted terrorist is a job well done in india but asking a foreign govt n,1,0
family mourns drowning of superhero toddler with rare epilepsy bradley diebold suffered hundreds of epileptic,0,1
bioterrorism on heiress evade lgl efforts prosecute blks kidnapg,0,1
ina buted girl crush,1,0
do you know where abouts as i heard emergency services near by,1,0
we the free hailstorm maxi,1,0
captured terrorist naved not registered as our citizen pakistan,1,0
my hand is burning,1,0
avalanche city sunset nowplay listen radio,1,0
kosciusko police investigating pedestrian fatality hit by a train thursday,0,1
the media needs to stop publicizing mass murder so many sick people do these things for the eyes of the world amp the media is not helping,1,0
horror films are made by incredibly creative artists we interviewed of them in depth for the anatomy of fear,1,0
floods fishing finally sunshine amp fab deals from albertsons anniversary sale lauren paints a beautiful life,0,1
all that panicking made me tired i want to sleep in my bed,1,0
reminds me when the peasants destroyed their food when stalins army came to redistribute the wealth it caused faminedeath,1,0
heard this few days ago while driving and near crashed the car from laughing to much,0,1
theatershooting defendantmass murderer chose not testify in final phase so he wont therefore b subject crossexam or jury questions,1,0
reddit updates content policy promises to quarantine extremely offensive communities,1,0
here comes the hail,1,0
i agree with certain cultural appropriation things but honestly if u looked at my house it screams appropriation bc buddhas and stuff,1,0
does the fingerrockfire make you wonder am i prepared for a wildfire find out at azwx,1,0
uber reduces drunk driving fatalities says independent study,0,1
its was about in the morningampi went downstairs to watch some tellyampi accidentally made a loud bangampmy dadwho has a broken legwalked,0,1
i accidentally killed an day snap streak and now i wanna accidentally fall off a cliff,1,0
article by michael jackman at metro times detroit the group later downgraded the estimate to square miles of,0,1
truth news bbc cnn islam truth god isis terrorism quran lies,0,1
plans by former first lady and wife of expresident goodluck jonathan dame patience jonathan to hijack the all,1,0
rt we should build a wall that keeps burning man attendees from coming home,0,1
does anyone know why murfreesboro walmart was evacuated this evening,1,0
rightways building structural integrity amp failure problems inspections repair via,0,1
emergency shutdown systems edmonton,1,0
look i have collapsed after attempting to munch an endangered species,0,1
fedex stops shipping potential bioterror pathogens trucking,1,0
new doco tonight at pm setanta sports ireland freeview the largest police presence at a soccer game in ireland stop prevent the rioting,0,1
icymi annoucement from al jackson,0,1
sevenfigz has a crush,1,0
countless casualties all across the globe war being orchestrated on all the corners of the planet on all levels,1,0
sismo m km nne of the geysers california time utc a cs,0,1
lava blast dan power red pantherattack,1,0
the burning legion has returned,0,1
heysundowns were annihilated in their previous meeting with celticindeed its an improvement,0,1
russian customs destroyed a total of tons of food today phew some italian meats were burned in an incinerator in pulkovo airport,0,1
ready to get annihilated for the bucs game,1,0
its like theres fire in my skin and im drowning from within,1,0
great job done by village hostages,1,0
truck driver salvages banned tomatoes from destruction on russian border news,0,1
how long o lord study the sixth seal opens the events of revelation the political upheaval in the roman,1,0
the walking dead spin off fear the walking dead is on the rd,1,0
ever seen by far a dreamy look came over his face and his ears flattened as he started to walk slowly toward her youd,1,0
as per previous behaviour janaq would deal with the kidnapped hostages not particularly pleasantly if div fought janaq,1,0
trump can say nice things about nuclear power but drill baby drill agw denial policy disaster for nuclear power,0,1
cell phone shop pin lightning connector a car charger for apple s c i,1,0
i dont understand taking any life as a trophy its violent killing cecilthelion badchoices bantrophyhunting,1,0
it looks like a mudslide poor thing greatbritishbakeoff,1,0
an wheeler came along and struck the fire truck spinning it around degrees and causing it to roll over,1,0
south gate police officers and huntington park officers arrested after child abuse investigation at boot camp,0,1
of oil and gas organizations have no realtime insight on cyber threats see how ey can help,0,1
israel wrecked my home now it wants my land,1,0
watching it go up in flames,1,0
governor weighs parole for california school bus hijacker,0,1
rp said they can see smoke coming from the silo on th street in hartford but no flames,1,0
chilli heat wave doritos never fail,0,1
ah yes the gays are totally destroying america i can see buildings burning and meteors crashing into schools wow,0,1
practice your families fire escape plan so everyone knows what to do in case of an emergency,0,1
newlyweds feed thousands of syrian refugees instead of hosting a banquet wedding dinner via,1,0
really cannot condemn an entire group based on the actions of a few a heartwarming unity against terrorism,1,0
this why bsf jawans died fidayeen has aks and they bloody insas insas rifles not to blame for soldiers deaths mod,1,0
ron amp fez daves high school crush via,1,0
that looks so desolate and justdepressing,1,0
on thisdayinhistory in confederate ship blown up by crew read more via,1,0
well i think that sounds like a fine plan where little derailment is possible so i applaud you,1,0
hot funtenna hijacking computers to send data as sound waves black hat prebreak best,1,0
whirlwind weekend starts in hours cantwaittoplayinminneapolis,0,1
am bbcnews the ass british insurers says rioting will cost insurersmillions but police numbers are reduced by blind fat controllers,1,0
man wife get six years jail for setting ablaze niece,1,0
internally and externally screaming,1,0
nws says thunderstorms with deadly lightning will move across the black hills this evening that assumes theres a safe type hmm,1,0
is the train halfderailed or halfrailed deepthoughts,1,0
never dies a big crime like rabaa massacre as long the revolution is being observed rememberrabaa,1,0
phillips should be charged for assisting terrorism ldnrterrorists organizations,1,0
climatechange eyewitness to extreme weather social media posts that show just how crazy things a anarchy,1,0
dan hughes was taken off on a stretcher after danielle robinson collided hope they are both ok he called some games over years,0,1
the drive in ilford closed both ways while emergency services deal with a call out buses are now stuck,1,0
ill crash it,1,0
vacation update my great aunt just killed a spider with her bare hand after i screamed in fear fierce,1,0
reddits new content policy goes into effect many horrible subreddits banned or quarantined,1,0
here im the uk there isnt a deluge of canadian themed tops aroundthe timing was perfect i cant quite believe it mad,1,0
why are you deluged with low selfimage take the quiz,1,0
and please dont flood poor s mentions hes put in his work,1,0
he came to a land which was engulfed in tribal war and turned it into a land of peace ie madinah prophetmuhammad islam,1,0
biztip we recommend all businesses to get an alternative source of electricity solar wind and batteries have an emergency plan now,1,0
sandstorm woo hoo,1,0
sj gist houses farm produce destroy streetjamzdotnet,1,0
ive still got some of the snowstormhailstorm,1,0
so this storm just came out of no where fuck me its cool,1,0
mr t stopped wearing gold chains in because he thought it would be an insult to the people who lost everything after hurricane katrina,0,1
hailstorm day round yyc yycstorm,1,0
whirlwind medusa audio snake microphone inputs returns ft,1,0
